{"pitch": [-1.9465874470087858, 11.944434468985058, 175.38474908761884, 59.855610342015986], "energy": [-1.278777837753296, 11.944415092468262, 44.752785794604804, 34.99653037605355], "spec_min": [-11.512925148010254, -11.512925148010254, -11.512925148010254, -11.512925148010254, -11.512925148010254, -11.512925148010254, -11.512925148010254, -11.512925148010254, -11.512925148010254, -11.512925148010254, -11.512925148010254, -11.512925148010254, -11.512925148010254, -11.512925148010254, -11.512925148010254, -11.512925148010254, -11.512925148010254, -11.512925148010254, -11.512925148010254, -11.512925148010254, -11.512925148010254, -11.512925148010254, -11.512925148010254, -11.512925148010254, -11.512925148010254, -11.512925148010254, -11.512925148010254, -11.512925148010254, -11.512925148010254, -11.512925148010254, -11.512925148010254, -11.512925148010254, -11.512925148010254, -11.512925148010254, -11.512925148010254, -11.512925148010254, -11.512925148010254, -11.512925148010254, -11.512925148010254, -11.512925148010254, -11.512925148010254, -11.512925148010254, -11.512925148010254, -11.512925148010254, -11.512925148010254, -11.512925148010254, -11.512925148010254, -11.512925148010254, -11.512925148010254, -11.512925148010254, -11.512925148010254, -11.512925148010254, -11.512925148010254, -11.512925148010254, -11.512925148010254, -11.512925148010254, -11.512925148010254, -11.512925148010254, -11.512925148010254, -11.512925148010254, -11.512925148010254, -11.512925148010254, -11.512925148010254, -11.512925148010254, -11.512925148010254, -11.512925148010254, -11.512925148010254, -11.512925148010254, -11.512925148010254, -11.512925148010254, -11.512925148010254, -11.512925148010254, -11.512925148010254, -11.512925148010254, -11.512925148010254, -11.512925148010254, -11.512925148010254, -11.512925148010254, -11.512925148010254, -11.512925148010254], "spec_max": [2.277916669845581, 2.124875783920288, 2.2468502521514893, 2.3514366149902344, 2.1123621463775635, 2.2125918865203857, 2.3246335983276367, 2.265315294265747, 2.220130681991577, 2.2640223503112793, 2.3484792709350586, 2.269441843032837, 2.244112014770508, 2.324147939682007, 2.4021553993225098, 2.248198986053467, 2.190840482711792, 2.276001214981079, 2.2435920238494873, 2.169565200805664, 2.1692423820495605, 2.181537389755249, 2.1018941402435303, 2.094062566757202, 2.237255334854126, 2.232534646987915, 2.0480599403381348, 2.069632053375244, 2.054762125015259, 2.0250487327575684, 1.951771855354309, 1.889726996421814, 2.0115456581115723, 1.8173294067382812, 1.766492247581482, 1.8063260316848755, 1.632002592086792, 1.7216230630874634, 1.6160697937011719, 1.6276881694793701, 1.743530035018921, 1.540541172027588, 1.4730348587036133, 1.76096510887146, 1.4745428562164307, 1.4560457468032837, 1.5031261444091797, 1.4520183801651, 1.3006185293197632, 1.4000765085220337, 1.5359035730361938, 1.213427186012268, 1.1790419816970825, 1.186383843421936, 1.162609338760376, 1.2785863876342773, 1.297234296798706, 1.3033623695373535, 1.2197386026382446, 1.1619924306869507, 1.117619514465332, 1.058512806892395, 1.001229166984558, 0.9365907907485962, 1.0230132341384888, 1.0562034845352173, 1.0404809713363647, 0.8566813468933105, 1.0210773944854736, 0.9313452243804932, 0.9175248146057129, 0.8689697980880737, 0.8929721713066101, 0.8831855654716492, 0.8629058003425598, 0.8101357221603394, 0.8325209021568298, 0.8407966494560242, 0.8423579335212708, 0.6158000826835632], "max_seq_len": 3467}